,daily,temp,humidity,precip,windspeed
2016-12-21,1.153,4.2,87.4,12.203,34.7
2016-12-23,11.86,6.6,83.9,11.828,45.7
2016-12-30,2.6,11.0,83.5,0.0,31.5
2017-01-02,13.063,1.9,81.2,0.0,18.3
2017-01-03,2.486,7.2,81.0,0.0,30.4
2017-01-04,12.664,4.0,65.9,0.0,14.7
2017-01-05,13.06,-1.2,85.7,0.01,8.5
2017-01-06,34.231,6.7,92.6,1.229,19.1
2017-01-07,27.807,5.8,96.8,0.209,13.5
2017-01-08,14.387,8.8,92.1,0.119,23.5
2017-01-09,46.591,6.7,87.5,5.97,35.1
2017-01-11,42.675,5.2,75.2,1.602,50.9
2017-01-12,43.177,0.7,87.5,0.841,28.0
2017-01-13,0.285,1.4,73.1,0.494,34.1
2017-01-14,3.88,1.5,82.2,0.008,17.6
2017-01-15,22.15,7.0,94.4,2.473,17.9
2017-01-16,12.15,8.4,92.7,0.41,13.5
2017-01-17,15.217,9.6,93.5,0.053,19.3
2017-01-20,16.713,5.0,89.7,0.01,11.5
2017-01-21,5.434,1.2,96.8,0.018,6.4
2017-01-22,2.393,1.8,95.5,0.165,13.5
2017-01-25,17.963,8.6,77.3,0.343,29.7
2017-01-26,28.206000000000003,0.7,83.8,0.0,13.5
2017-01-27,27.341,-1.2,89.2,0.044,7.6
2017-01-28,32.391,1.8,96.1,6.593,20.3
2017-01-29,2.33,1.7,91.7,0.444,16.4
2017-01-30,21.342,1.0,92.8,0.192,12.4
2017-01-31,24.919,6.1,90.8,3.942,16.7
2017-02-01,5.991,6.2,93.2,0.351,13.7
2017-02-02,40.206,9.4,83.2,0.888,29.0
2017-02-03,39.14,8.2,78.2,1.268,30.1
2017-02-04,3.195,4.8,86.8,7.849,30.4
2017-02-05,22.712,2.9,88.8,1.36,10.6
2017-02-06,21.607,2.0,89.2,0.623,20.7
2017-02-07,18.988,2.8,95.7,14.049,14.2
2017-02-08,76.083,3.3,89.8,0.276,13.6
2017-02-09,12.269,2.3,82.2,0.072,14.7
2017-02-10,44.580999999999996,1.1,88.1,1.446,16.3
2017-02-11,20.841,2.5,84.7,1.636,29.7
2017-02-12,33.495,3.3,78.8,0.793,32.1
2017-02-13,8.375,4.7,86.2,0.43,25.8
2017-02-14,5.96,5.6,83.3,0.0,25.0
2017-02-15,11.0,6.3,90.8,0.094,18.1
2017-02-16,36.096000000000004,8.2,85.8,0.846,31.0
2017-02-17,17.191000000000003,5.0,92.6,0.155,8.8
2017-02-18,0.966,9.4,87.6,0.874,30.0
2017-02-20,30.837,10.5,77.3,0.181,39.3
2017-02-21,16.316,7.9,81.8,0.794,36.2
2017-02-22,20.173,6.1,72.3,2.573,38.3
2017-02-23,25.411,2.5,91.7,17.72,31.3
2017-02-24,38.34,3.3,86.0,0.488,20.3
2017-02-25,17.125,7.9,84.3,7.305,41.5
2017-02-26,7.38,6.4,85.5,10.539,38.1
2017-02-27,31.046,3.3,80.0,1.966,22.7
2017-02-28,32.272,2.4,78.3,0.034,13.4
2017-03-01,15.082,2.7,78.4,0.01,14.5
2017-03-02,21.974,3.5,78.2,0.152,31.5
2017-03-05,18.207,4.5,92.0,3.593,7.9
2017-03-06,11.743,4.5,89.3,0.689,9.3
2017-03-07,24.483,4.7,85.0,0.357,18.2
2017-03-08,67.624,7.2,83.0,2.431,41.3
2017-03-09,24.26,7.3,73.1,4.074,26.5
2017-03-10,16.97,5.2,91.2,0.335,7.5
2017-03-11,36.858,9.5,89.8,0.935,18.5
2017-03-12,17.38,8.7,88.9,0.582,19.9
2017-03-13,44.569,8.8,75.9,0.016,30.8
2017-03-15,21.61,8.7,78.3,0.046,34.1
2017-03-16,27.733,8.2,78.8,0.745,41.0
2017-03-17,15.309000000000001,6.6,89.7,2.196,32.2
2017-03-18,21.659,7.2,91.5,3.662,16.6
2017-03-20,19.191,5.9,80.5,2.614,36.0
2017-03-21,5.69,2.6,85.0,3.007,36.2
2017-03-22,58.874,1.9,84.9,1.065,32.0
2017-03-23,33.982,5.3,77.4,1.537,28.7
2017-03-24,21.296,5.0,76.9,0.101,15.4
2017-03-25,24.12,8.3,60.6,0.0,15.5
2017-03-26,12.402,6.4,77.1,0.0,14.4
2017-03-27,30.384999999999998,6.4,81.2,0.0,16.7
2017-03-28,5.29,6.7,89.7,0.111,14.1
2017-03-29,71.709,8.3,95.1,2.432,16.4
2017-03-30,9.754,11.7,87.4,1.613,19.0
2017-03-31,36.331999999999994,11.7,84.3,5.071,33.5
2017-04-02,23.206,8.3,72.6,0.0,22.0
2017-04-04,7.458,9.3,70.4,0.595,33.9
2017-04-05,17.771,9.3,66.5,0.0,27.0
2017-04-06,4.27,9.3,76.0,0.0,28.1
2017-04-07,2.254,9.4,76.6,0.0,20.9
2017-04-08,21.070999999999998,9.6,71.1,0.0,20.7
2017-04-10,17.198,8.6,64.5,0.06,27.1
2017-04-11,21.748,9.1,77.1,0.0,41.5
2017-04-12,34.581,9.8,67.2,0.046,33.0
2017-04-13,41.547,7.8,72.3,0.058,26.7
2017-04-14,18.009999999999998,7.9,77.6,0.521,24.2
2017-04-15,17.487000000000002,6.7,68.1,0.044,27.1
2017-04-16,16.528,6.1,78.4,1.362,16.9
2017-04-17,31.198,6.7,70.4,0.101,20.8
2017-04-18,49.661,4.0,70.4,0.0,14.2
2017-04-19,22.060000000000002,9.4,69.9,0.008,23.3
2017-04-20,15.762,11.9,76.0,0.008,26.2
2017-04-21,3.17,11.1,71.7,0.421,28.7
2017-04-22,20.18,7.1,62.2,0.0,14.0
2017-04-23,29.35,7.7,68.0,0.0,29.3
2017-04-24,17.123,6.6,61.5,0.374,33.5
2017-04-25,26.083,4.6,63.6,0.289,28.0
2017-04-27,54.012,9.5,65.2,0.085,21.6
2017-04-28,45.885,7.6,71.4,0.184,13.3
2017-04-29,13.639,9.0,71.7,0.115,20.5
2017-04-30,7.609999999999999,10.0,70.6,0.0,35.1
2017-05-02,15.836,9.3,82.0,0.0,19.4
2017-05-03,9.87,10.3,65.7,0.0,27.0
2017-05-04,23.672,8.7,73.1,0.0,32.2
2017-05-05,17.805,8.9,70.3,0.0,29.1
2017-05-06,10.536999999999999,9.4,70.1,0.0,26.6
2017-05-07,30.953999999999997,10.3,74.2,0.0,18.4
2017-05-08,14.36,8.7,66.2,0.0,26.0
2017-05-09,38.083,10.3,66.8,0.0,23.6
2017-05-10,26.349,8.9,73.7,0.0,20.4
2017-05-11,3.364,9.4,78.1,0.0,22.5
2017-05-12,45.564,9.7,84.4,0.0,21.4
2017-05-13,14.062000000000001,10.7,92.1,2.473,28.4
2017-05-15,60.894,12.1,84.2,6.104,18.8
2017-05-16,39.783,14.6,78.2,2.298,37.5
2017-05-17,1.772,11.6,72.5,0.0,19.7
2017-05-18,55.303,12.3,67.4,0.034,19.0
2017-05-19,33.945,10.3,76.9,0.0,16.3
2017-05-20,4.734,10.2,87.0,5.291,19.6
2017-05-21,24.169,11.3,79.2,0.811,22.4
2017-05-22,14.04,12.4,83.5,0.617,17.6
2017-05-23,26.535,11.7,81.5,5.301,22.9
2017-05-24,21.532,16.0,82.9,0.347,23.4
2017-05-25,9.434000000000001,18.7,76.1,0.0,14.2
2017-05-26,16.748,18.9,74.0,0.0,15.9
2017-05-27,1.803,15.8,85.2,1.287,15.9
2017-05-28,25.427,16.7,77.4,2.682,20.1
2017-05-29,13.407000000000002,11.6,85.3,0.263,16.9
2017-05-30,24.528,12.8,82.2,4.187,32.4
2017-05-31,28.381,12.9,66.7,0.0,15.8
2017-06-01,1.143,14.6,78.8,0.336,23.5
2017-06-02,7.052,14.6,72.8,0.878,19.1
2017-06-03,15.52,11.7,77.6,2.249,16.0
2017-06-04,26.067,12.1,74.0,0.658,22.9
2017-06-05,1.287,11.8,87.5,11.699,17.8
2017-06-06,22.503,11.0,94.0,36.744,18.8
2017-06-07,12.858,12.5,62.7,10.73,30.0
2017-06-08,8.567,10.8,91.5,15.044,20.4
2017-06-09,44.761,13.7,84.5,8.242,24.5
2017-06-10,31.692,14.7,81.4,3.678,24.1
2017-06-11,8.08,14.3,82.4,4.388,28.8
2017-06-12,42.053,13.5,80.6,2.263,34.7
2017-06-13,7.316000000000001,14.4,83.0,0.488,25.4
2017-06-14,16.477,16.4,78.6,0.254,17.2
2017-06-15,11.171000000000001,14.5,76.9,2.544,28.7
2017-06-16,39.702,14.1,83.7,0.17,26.0
2017-06-17,3.09,18.8,79.6,0.0,26.3
2017-06-19,19.252,17.2,79.1,0.0,22.3
2017-06-20,32.863,13.5,81.5,0.0,20.2
2017-06-21,25.97,15.0,89.7,1.096,11.9
2017-06-22,46.158,15.9,83.2,6.703,21.1
2017-06-23,17.91,14.5,75.6,1.248,33.9
2017-06-24,3.58,12.7,69.1,0.008,37.1
2017-06-25,6.13,12.6,70.1,0.715,27.8
2017-06-26,21.526,12.5,76.0,0.008,11.9
2017-06-27,15.870000000000001,11.4,92.1,9.061,17.4
2017-06-28,54.012,12.1,82.8,3.334,25.8
2017-06-29,34.219,11.3,88.4,15.045,18.8
2017-06-30,39.212,13.8,85.8,1.741,16.8
2017-07-02,1.26,13.3,78.0,0.109,28.2
2017-07-03,7.19,13.9,71.4,0.262,21.3
2017-07-04,2.304,11.3,92.5,5.18,17.6
2017-07-05,2.225,13.4,83.4,0.65,15.4
2017-07-06,18.435,14.8,89.1,1.322,13.7
2017-07-07,14.655999999999999,15.5,81.3,0.109,20.7
2017-07-08,21.963,13.7,67.8,0.0,25.4
2017-07-09,71.162,13.6,86.2,3.308,20.8
2017-07-10,3.439,12.0,92.3,5.367,13.3
2017-07-11,49.407,12.7,83.7,0.748,15.3
2017-07-12,30.083999999999996,13.9,75.1,0.01,14.5
2017-07-13,18.867,14.3,78.1,0.0,25.5
2017-07-14,13.714,14.1,76.2,0.88,21.3
2017-07-15,8.007,15.8,90.9,1.723,29.7
2017-07-16,5.71,14.6,71.9,0.0,30.5
2017-07-17,5.601,16.8,69.8,0.0,31.3
2017-07-18,12.363,16.1,77.5,0.0,22.2
2017-07-19,29.107,15.0,89.9,0.0,22.6
2017-07-20,23.559,14.3,81.7,7.427,20.5
2017-07-21,30.071,13.2,86.0,0.218,20.2
2017-07-22,10.139,14.3,92.9,5.736,22.6
2017-07-24,9.737,15.8,76.8,0.047,18.6
2017-07-25,2.867,13.6,88.6,0.037,11.7
2017-07-26,8.016,14.1,87.5,10.783,28.6
2017-07-27,44.679,13.6,80.4,1.751,27.2
2017-07-28,5.333,14.2,81.6,1.372,24.6
2017-07-29,3.7880000000000003,14.1,84.4,5.602,29.4
2017-07-30,26.125,14.2,83.5,2.395,23.2
2017-07-31,33.979,13.8,83.0,1.176,24.0
2017-08-02,18.74,13.3,89.3,3.192,19.0
2017-08-03,36.849999999999994,15.7,85.2,4.637,25.4
2017-08-04,8.386000000000001,14.4,86.6,6.925,20.7
2017-08-05,11.871,13.5,79.6,2.876,18.4
2017-08-06,23.286,12.2,85.2,2.172,17.5
2017-08-08,20.106,13.7,77.4,0.0,16.6
2017-08-09,22.604,13.9,71.8,0.0,18.3
2017-08-10,11.85,12.9,77.9,0.0,26.7
2017-08-11,28.469,15.1,83.8,0.459,30.1
2017-08-12,24.509,13.9,79.8,1.419,19.4
2017-08-13,3.267,12.4,75.9,0.0,17.7
2017-08-14,14.422,13.5,88.8,8.28,17.3
2017-08-15,35.179,15.0,80.9,15.145,29.5
2017-08-17,10.882,16.0,80.6,3.963,29.3
2017-08-18,29.475,13.0,88.8,6.498,28.2
2017-08-19,1.996,13.7,80.0,0.261,33.8
2017-08-20,2.74,14.1,78.5,0.168,17.1
2017-08-21,7.957000000000001,12.3,88.3,0.01,9.6
2017-08-22,12.286,15.3,93.7,2.19,13.5
2017-08-23,64.215,16.8,85.9,9.319,17.9
2017-08-24,18.024,15.3,81.1,0.018,22.4
2017-08-25,18.268,15.0,89.3,2.49,16.9
2017-08-26,20.798000000000002,15.1,85.2,2.359,19.3
2017-08-28,30.241,16.6,85.7,0.487,28.2
2017-08-29,36.766999999999996,11.9,82.5,0.018,25.2
2017-08-30,18.583000000000002,12.4,80.5,0.69,20.6
2017-08-31,34.786,12.1,80.6,0.101,13.8
2017-09-02,2.3,11.9,79.6,0.0,14.0
2017-09-03,18.738,12.5,83.9,0.525,16.8
2017-09-05,27.414,13.1,84.8,0.467,25.2
2017-09-06,2.9,13.1,81.2,0.152,27.1
2017-09-07,9.016,13.0,91.0,1.4,20.9
2017-09-08,18.011,12.5,86.7,0.404,27.0
2017-09-09,21.543,12.9,82.7,0.498,13.0
2017-09-10,18.269,11.9,88.5,2.95,26.5
2017-09-11,27.838,12.2,81.0,3.754,24.9
2017-09-12,63.004,11.8,79.0,0.408,25.2
2017-09-13,38.833,10.0,91.7,4.432,15.4
2017-09-14,12.46,11.2,76.4,2.215,23.0
2017-09-15,23.098,11.8,74.9,0.442,16.3
2017-09-16,1.0,9.7,80.2,1.217,12.9
2017-09-17,1.81,10.5,87.3,0.495,14.6
2017-09-18,22.314,10.8,82.1,1.121,9.5
2017-09-19,18.387,9.4,84.3,0.101,19.5
2017-09-20,28.949,13.6,90.3,2.459,17.0
2017-09-21,36.719,11.9,88.4,4.917,17.6
2017-09-22,8.626,9.3,88.9,0.318,17.0
2017-09-23,6.497,13.0,86.9,0.137,16.6
2017-09-25,55.491,13.6,96.3,10.991,10.5
2017-09-26,21.087,13.8,92.0,0.0,15.1
2017-09-27,54.566,14.3,84.5,0.016,24.0
2017-09-28,10.709,14.2,82.0,5.272,16.4
2017-09-29,33.71,13.0,79.2,0.863,24.6
2017-09-30,3.199,9.9,79.3,0.399,19.1
2017-10-01,20.809,8.7,93.4,5.014,33.9
2017-10-02,3.497,12.1,79.6,5.378,41.2
2017-10-03,9.597999999999999,10.9,75.3,0.173,28.8
2017-10-04,24.613,10.4,87.3,1.813,29.4
2017-10-05,13.235,10.1,77.1,5.182,20.7
2017-10-06,19.204,8.7,80.9,0.0,17.3
2017-10-07,15.535,13.1,84.2,0.28,26.5
2017-10-08,50.418,12.0,87.8,0.0,17.4
2017-10-10,24.833,11.7,83.1,1.25,30.4
2017-10-11,14.695,12.2,86.2,4.42,29.9
2017-10-12,24.45,10.6,83.3,0.974,27.8
2017-10-13,35.144000000000005,15.1,87.7,5.668,38.7
2017-10-14,15.34,12.4,84.0,0.042,22.1
2017-10-16,17.805,11.6,92.4,5.812,28.6
2017-10-17,13.562999999999999,12.5,84.6,1.197,52.9
2017-10-18,41.128,9.9,87.4,0.387,17.8
2017-10-19,37.688,11.8,91.4,0.903,12.2
2017-10-20,42.805,12.2,90.3,7.293,12.2
2017-10-21,7.948,11.5,88.5,4.375,20.2
2017-10-22,11.742,10.7,84.9,0.726,26.7
2017-10-23,45.931,10.1,90.3,1.834,21.2
2017-10-24,20.125,10.9,87.1,1.002,28.4
2017-10-25,48.427,11.0,84.5,0.169,38.0
2017-10-26,19.026999999999997,10.8,81.7,0.008,25.7
2017-10-27,61.554,7.6,82.3,0.01,23.4
2017-10-28,15.349,12.7,81.7,0.016,37.9
2017-10-29,29.582,7.0,69.8,0.008,19.9
2017-10-30,33.844,3.7,89.1,0.0,20.5
2017-10-31,73.73100000000001,12.1,93.2,1.484,28.8
2017-11-01,12.126,11.8,91.2,1.03,29.1
2017-11-02,33.071,6.1,83.8,0.156,10.4
2017-11-04,28.223999999999997,6.9,87.0,0.753,21.7
2017-11-05,22.815,3.6,80.7,0.115,16.3
2017-11-06,9.24,5.2,87.9,0.127,29.1
2017-11-07,10.385000000000002,7.4,85.0,3.12,31.3
2017-11-08,4.8629999999999995,4.5,91.3,0.245,31.3
2017-11-09,12.437999999999999,9.7,74.2,0.726,32.6
2017-11-10,25.983,5.6,78.4,1.641,27.0
2017-11-11,31.87,3.2,83.7,0.04,15.9
2017-11-12,46.585,4.1,70.6,0.032,21.9
2017-11-13,15.361,4.1,81.5,0.036,28.2
2017-11-14,17.085,8.2,89.9,0.408,27.7
2017-11-15,84.938,5.3,92.7,0.0,20.3
2017-11-16,47.682,6.9,79.6,2.674,29.9
2017-11-17,37.844,5.8,84.8,0.242,27.4
2017-11-18,47.389,5.0,70.2,0.073,26.4
2017-11-19,14.16,2.5,84.6,0.008,15.2
2017-11-20,29.859,5.3,99.3,6.161,12.3
2017-11-21,14.318,8.4,97.1,5.401,38.6
2017-11-22,29.384,6.6,94.9,8.331,37.1
2017-11-23,33.228,2.9,90.9,6.341,17.5
2017-11-24,58.67,1.0,91.3,0.754,22.8
2017-11-25,39.789,1.9,85.4,0.06,24.8
2017-11-26,42.372,3.5,83.2,0.118,20.9
2017-11-27,48.261,4.6,81.7,1.646,29.0
2017-11-28,58.980000000000004,3.8,76.0,0.01,17.4
2017-11-29,34.327,2.8,70.2,0.008,16.8
2017-11-30,23.171,1.8,69.6,0.0,18.6
2017-12-02,12.536000000000001,6.2,91.3,0.345,18.3
2017-12-03,33.944,6.1,83.8,0.146,15.3
2017-12-04,10.077000000000002,7.1,88.1,0.008,20.0
2017-12-05,32.804,8.0,88.2,0.018,33.5
2017-12-06,27.971,10.2,85.6,2.081,40.3
2017-12-07,14.951,6.2,80.3,7.161,42.1
2017-12-08,7.929,0.8,70.4,0.028,25.3
2017-12-09,6.336,-0.4,79.2,0.0,18.7
2017-12-10,23.689,-5.1,90.1,0.0,8.8
2017-12-12,52.532,-0.4,91.0,0.15,18.2
2017-12-13,46.016999999999996,2.7,92.3,4.053,27.2
2017-12-14,32.074,0.9,94.4,1.062,19.7
2017-12-15,26.891000000000002,2.5,80.8,1.318,14.2
2017-12-16,15.863999999999999,0.1,85.2,0.039,13.4
2017-12-17,6.713,4.0,87.2,1.914,22.3
2017-12-18,23.804,3.5,91.1,0.008,21.0
2017-12-19,45.345,9.5,92.3,0.0,22.7
2017-12-20,38.429,9.7,91.1,0.476,26.2
2017-12-21,20.297,4.8,95.4,0.0,14.9
2017-12-22,61.841,4.6,97.6,0.163,30.3
2017-12-23,45.966,10.9,91.8,0.125,37.3
2017-12-24,9.989,10.9,91.8,0.957,43.1
2017-12-27,45.665,0.1,79.4,0.018,24.7
2017-12-28,15.780999999999999,0.7,80.1,1.968,18.3
2017-12-29,2.845,-1.1,95.6,0.137,15.7
2017-12-30,49.832,2.4,94.1,2.224,25.7
2018-01-02,29.616,2.8,93.0,5.191,19.2
2018-01-04,33.855000000000004,3.6,97.7,3.794,8.7
2018-01-05,35.46,2.4,97.7,12.284,13.5
2018-01-06,39.878,1.9,79.1,2.001,18.5
2018-01-07,3.709,-3.3,90.1,0.801,6.8
2018-01-08,61.348,-3.4,89.2,5.507,13.2
2018-01-09,17.359,3.4,89.9,0.111,19.7
2018-01-10,21.516,2.7,96.1,0.303,11.4
2018-01-11,76.584,2.3,95.6,0.008,6.1
2018-01-13,21.881,4.5,84.7,0.221,16.4
2018-01-14,33.415,5.8,84.9,1.332,37.2
2018-01-15,49.031000000000006,5.1,89.7,5.092,34.7
2018-01-16,8.64,0.6,94.2,1.285,27.5
2018-01-17,48.84,1.2,90.2,2.018,27.0
2018-01-18,52.066,1.1,93.1,15.759,17.1
2018-01-19,31.971,1.0,93.1,19.919,22.5
2018-01-20,15.098,-1.0,90.7,1.663,17.3
2018-01-21,10.44,-1.6,93.6,20.539,12.9
2018-01-22,16.049,5.1,89.2,1.418,26.0
2018-01-23,48.692,7.7,88.5,6.701,35.1
2018-01-24,40.896,6.6,83.8,15.408,51.2
2018-01-25,12.691,4.3,85.1,2.139,22.5
2018-01-26,25.3,1.9,90.2,0.179,14.6
2018-01-27,41.972,7.8,82.3,2.472,42.1
2018-01-28,14.291999999999998,8.9,88.5,0.966,46.4
2018-01-29,18.533,6.1,79.5,7.815,42.2
2018-01-30,24.551,5.1,86.2,0.567,34.2
2018-01-31,16.575000000000003,2.7,88.9,7.516,35.5
2018-02-01,25.33,4.3,70.9,0.268,25.2
2018-02-02,17.737000000000002,4.0,74.3,0.02,17.6
2018-02-03,11.422,2.4,96.4,4.488,5.5
2018-02-04,35.635,3.2,93.1,1.68,6.0
2018-02-05,1.46,1.8,84.2,0.0,14.2
2018-02-06,21.224,0.9,80.4,1.135,14.8
2018-02-07,20.555,-0.2,82.2,0.176,25.9
2018-02-08,37.593,5.4,89.4,0.501,24.7
2018-02-10,39.741,4.5,86.0,2.153,26.4
2018-02-11,49.866,1.8,78.1,2.484,25.8
2018-02-13,49.135999999999996,2.9,79.2,2.023,22.5
2018-02-14,27.303,3.1,78.7,1.435,28.5
2018-02-15,56.986,3.7,80.3,0.803,41.3
2018-02-16,20.895,4.5,82.5,0.678,24.9
2018-02-17,14.511,4.6,86.5,1.049,23.9
2018-02-19,33.564,7.0,96.1,4.542,11.8
2018-02-20,13.742,5.8,75.8,0.491,17.9
2018-02-21,29.943,2.2,86.8,0.0,7.8
2018-02-22,44.269999999999996,1.9,84.7,0.137,14.5
2018-02-23,65.657,1.9,74.6,0.0,16.2
2018-02-24,31.616,1.9,74.1,0.0,18.7
2018-02-25,23.915,1.3,77.8,0.0,17.1
2018-02-26,9.363,1.0,74.7,0.173,20.0
2018-02-27,57.606,-0.2,80.5,0.945,25.3
2018-03-01,19.500999999999998,-1.9,85.8,34.125,38.7
2018-03-02,15.0,0.2,83.2,60.714,36.0
2018-03-03,0.78,0.7,80.7,60.831,25.8
2018-03-04,39.282,1.4,87.9,2.182,19.7
2018-03-05,20.549,2.4,98.5,21.82,20.3
2018-03-06,13.28,2.4,97.0,12.199,23.7
2018-03-07,38.356,2.7,91.6,9.018,12.5
2018-03-08,34.159,2.8,86.6,0.775,18.0
2018-03-09,64.282,3.4,82.1,0.77,28.4
2018-03-10,14.504999999999999,3.2,96.3,8.848,24.6
2018-03-11,14.39,5.3,96.2,7.803,8.0
2018-03-12,26.159,5.0,90.8,0.984,7.7
2018-03-13,26.637,5.1,86.3,0.089,11.0
2018-03-14,17.937,5.1,81.1,0.0,26.3
2018-03-15,41.025999999999996,5.3,86.6,4.673,34.8
2018-03-16,52.897000000000006,3.7,88.9,10.03,33.1
2018-03-17,7.33,0.7,72.4,0.561,38.3
2018-03-18,16.534000000000002,0.4,74.6,2.549,32.2
2018-03-19,43.592,2.3,69.8,0.122,22.9
2018-03-20,22.665999999999997,2.9,67.1,0.0,12.1
2018-03-21,40.667,5.9,82.8,0.026,36.1
2018-03-22,39.432,7.9,79.1,0.07,29.4
2018-03-23,41.644000000000005,7.2,80.4,9.409,37.7
2018-03-24,10.981,5.3,76.5,0.026,22.7
2018-03-25,46.194,5.5,76.0,0.073,22.6
2018-03-26,16.934,4.4,73.5,0.01,12.9
2018-03-27,45.841,5.9,89.0,2.585,21.2
2018-03-28,26.845,4.6,82.1,1.282,21.4
2018-03-29,49.674,2.4,86.9,0.172,25.1
2018-03-30,43.79,3.2,91.6,1.669,27.1
2018-03-31,21.034,3.3,88.5,3.36,26.1
2018-04-01,10.499,2.9,74.0,0.055,12.0
2018-04-02,3.81,1.3,89.6,2.555,30.3
2018-04-04,29.019000000000002,1.6,96.1,11.28,20.2
2018-04-05,68.332,3.9,75.1,8.366,26.3
2018-04-06,4.822,6.5,79.1,0.661,24.1
2018-04-07,30.149,9.0,82.5,1.533,15.4
2018-04-08,14.548,8.8,85.0,1.502,13.1
2018-04-09,45.496,7.7,90.5,0.184,16.1
2018-04-10,29.259,5.5,96.1,1.759,28.5
2018-04-12,11.902999999999999,5.8,90.6,0.095,28.0
2018-04-13,81.648,5.9,96.4,3.362,18.9
2018-04-14,20.362000000000002,9.0,85.8,0.123,18.7
2018-04-16,7.905,9.9,80.4,2.432,25.7
2018-04-17,41.377,11.8,75.6,2.663,36.0
2018-04-18,15.637,13.0,78.9,0.341,22.7
2018-04-19,63.135999999999996,14.0,75.9,0.0,23.6
2018-04-20,52.778000000000006,11.3,76.0,0.101,27.9
2018-04-21,21.628,10.2,74.6,0.0,15.4
2018-04-22,27.619999999999997,10.2,79.8,0.331,27.5
2018-04-23,14.856,9.8,80.6,0.765,35.6
2018-04-24,32.989000000000004,9.4,75.7,1.015,31.8
2018-04-25,59.279,8.1,79.5,0.737,32.0
2018-04-26,24.904,8.3,76.2,0.738,34.9
2018-04-27,2.992,7.2,74.3,1.516,17.5
2018-04-28,29.29,6.8,82.3,1.19,17.5
2018-04-29,43.661,6.3,76.7,0.26,14.6
2018-04-30,8.469000000000001,6.4,72.9,0.111,15.1
2018-05-01,30.256999999999998,6.6,77.4,0.08,30.9
2018-05-02,54.368,8.5,75.1,4.352,25.5
2018-05-03,13.972,8.2,82.4,0.239,24.9
2018-05-04,43.208,11.9,85.4,0.337,28.2
2018-05-05,40.15,12.9,83.9,0.0,24.7
2018-05-06,52.947,14.6,76.6,0.0,24.5
2018-05-07,41.646,13.7,76.2,0.0,21.1
2018-05-08,3.55,12.2,80.6,0.972,24.2
2018-05-09,44.507,8.9,83.8,1.515,27.8
2018-05-10,31.875,9.5,71.4,0.935,27.3
2018-05-11,24.332,10.0,70.0,0.032,23.9
2018-05-12,41.948,11.2,71.2,0.866,16.0
2018-05-13,13.18,11.6,75.2,2.878,21.5
2018-05-14,33.965,11.9,71.2,0.0,13.8
2018-05-15,18.084,12.3,77.5,0.0,23.0
2018-05-16,33.469,10.1,64.3,0.0,16.5
2018-05-17,21.819,10.3,68.1,0.0,14.4
2018-05-18,16.769,11.3,69.1,0.0,15.3
2018-05-20,19.78,14.7,60.4,0.0,20.9
2018-05-21,50.656000000000006,14.7,68.8,0.0,18.2
2018-05-22,28.218,11.0,76.2,0.0,21.5
2018-05-23,27.29,10.5,80.9,0.0,17.1
2018-05-24,5.8759999999999994,10.4,86.0,0.0,17.3
2018-05-25,30.393,13.1,74.7,0.0,25.0
2018-05-26,17.796,13.5,75.4,0.01,24.1
2018-05-27,16.03,12.0,82.8,0.0,20.1
2018-05-28,3.5679999999999996,14.7,82.8,0.0,15.2
2018-05-29,23.543,13.1,89.2,0.036,17.7
2018-05-30,47.882000000000005,14.5,85.3,0.0,17.7
2018-05-31,32.724,14.3,91.5,0.036,10.3
2018-06-01,27.689999999999998,16.3,88.5,1.142,11.1
2018-06-02,31.12,16.3,89.8,7.412,11.9
2018-06-03,46.668,15.4,92.9,2.189,10.0
2018-06-04,16.865000000000002,12.9,92.2,0.01,16.0
2018-06-05,24.65,13.1,73.9,0.008,16.5
2018-06-06,43.676,12.8,74.1,0.0,13.6
2018-06-07,34.781000000000006,13.4,76.9,0.08,16.9
2018-06-08,33.803000000000004,13.2,77.5,0.016,14.3
2018-06-09,44.861999999999995,13.3,84.7,2.869,15.4
2018-06-10,42.5,14.5,85.4,0.533,14.9
2018-06-11,3.7539999999999996,13.1,87.7,0.188,13.5
2018-06-12,45.257999999999996,14.2,80.0,0.312,15.9
2018-06-13,47.039,13.3,79.1,0.33,23.0
2018-06-14,49.769000000000005,14.3,72.6,5.852,50.1
2018-06-15,40.48,11.9,77.7,0.639,27.9
2018-06-16,47.841,11.9,85.1,7.74,18.6
2018-06-17,7.07,12.2,83.8,0.169,20.2
2018-06-18,11.834999999999999,13.4,72.3,0.154,35.9
2018-06-19,22.124,11.9,71.0,0.0,26.6
2018-06-20,36.522,11.7,81.5,18.679,23.9
2018-06-21,25.142000000000003,12.2,62.8,0.555,23.7
2018-06-22,26.252000000000002,13.2,65.6,0.0,19.7
2018-06-23,5.053,13.7,69.8,0.0,20.8
2018-06-24,17.46,15.6,66.0,0.0,20.8
2018-06-25,43.449,16.4,60.0,0.0,16.4
2018-06-26,19.750999999999998,14.2,81.1,0.0,13.1
2018-06-27,24.911,15.6,82.5,0.0,12.3
2018-06-28,36.47,18.7,73.1,0.0,15.8
2018-06-29,12.327,13.9,86.8,0.0,18.4
2018-07-01,15.44,16.1,76.5,0.0,14.9
2018-07-02,52.225,14.6,81.6,0.0,19.4
2018-07-03,25.053000000000004,15.9,74.3,0.0,16.6
2018-07-04,11.370000000000001,17.1,75.1,0.0,14.4
2018-07-06,42.973,16.3,65.8,0.0,21.7
2018-07-07,29.088,16.7,70.8,0.0,17.9
2018-07-08,52.568,19.8,70.4,0.0,23.6
2018-07-09,12.825,15.8,79.7,0.339,17.7
2018-07-10,31.020000000000003,16.3,72.1,0.016,10.6
2018-07-11,23.461000000000002,16.3,79.9,0.362,14.7
2018-07-12,55.285,15.6,83.6,0.244,13.9
2018-07-13,15.297,17.0,80.4,0.247,11.9
2018-07-14,20.4,18.5,69.2,0.03,25.8
2018-07-16,15.547,18.0,70.7,0.196,19.9
2018-07-17,20.887,15.6,68.6,0.101,20.3
2018-07-18,30.732,15.7,71.6,0.222,13.0
2018-07-19,38.961,17.1,63.7,0.0,21.0
2018-07-20,13.405000000000001,15.2,88.0,4.198,13.4
2018-07-21,27.35,17.1,81.2,0.402,22.1
2018-07-22,8.195,18.1,83.4,0.0,25.6
2018-07-23,43.144,19.3,82.5,1.171,26.4
2018-07-24,63.678,16.3,74.5,5.629,22.0
2018-07-25,49.655,16.2,69.5,0.0,20.7
2018-07-26,25.552,18.3,66.4,0.0,18.3
2018-07-27,18.885,20.3,71.6,0.0,19.2
2018-07-28,47.260000000000005,16.1,85.9,8.156,31.6
2018-07-29,39.54,13.9,86.5,10.491,25.0
2018-07-30,59.066,14.0,83.0,2.253,23.7
2018-07-31,33.518,14.4,79.8,2.046,30.8
2018-08-01,20.471,15.5,82.7,2.287,21.2
2018-08-02,64.054,18.6,87.3,1.586,21.3
2018-08-03,39.589,18.4,83.3,2.071,24.0
2018-08-04,13.278,15.6,77.9,0.0,27.3
2018-08-05,14.77,16.3,75.7,0.0,20.9
2018-08-06,30.444000000000003,17.1,81.9,0.31,27.3
2018-08-07,4.498,15.1,79.8,0.903,21.3
2018-08-08,47.146,13.4,77.6,0.066,23.0
2018-08-09,11.72,12.8,71.0,0.0,23.6
2018-08-10,17.181,12.1,83.1,0.729,16.6
2018-08-11,31.225,13.5,73.5,0.0,15.0
2018-08-12,20.829,13.8,96.1,9.115,19.2
2018-08-13,24.078,14.4,98.0,4.389,13.4
2018-08-14,73.39099999999999,15.6,91.0,2.681,24.7
2018-08-15,27.868000000000002,17.0,83.9,1.872,28.4
2018-08-16,9.201,14.1,79.1,1.339,27.3
2018-08-17,11.803,13.9,84.8,0.392,31.5
2018-08-18,32.33,15.3,85.7,0.5,26.2
2018-08-19,31.8,14.1,97.0,9.38,16.7
2018-08-20,53.258,14.7,85.9,2.256,9.0
2018-08-21,37.099,16.2,90.2,0.364,21.6
2018-08-22,63.581,16.3,79.9,5.62,25.0
2018-08-23,38.719,12.2,81.2,1.028,25.7
2018-08-24,42.831,11.6,77.9,0.748,27.4
2018-08-25,15.5,11.8,69.8,0.463,16.5
2018-08-26,7.93,10.8,90.5,6.082,12.4
2018-08-27,35.225,13.7,85.4,0.4,22.0
2018-08-28,32.949,13.9,80.0,0.0,26.0
2018-08-29,43.47,13.5,73.0,0.149,26.4
2018-08-30,58.089999999999996,11.2,78.1,0.164,12.4
2018-08-31,32.425,11.6,77.6,0.01,19.7
2018-09-01,38.159,14.9,87.0,0.125,20.0
2018-09-02,66.604,16.0,90.0,0.016,23.2
2018-09-03,23.514,12.8,92.9,1.39,14.3
2018-09-04,22.831,11.7,82.2,0.053,11.0
2018-09-05,8.53,12.4,83.6,0.008,17.5
2018-09-06,14.049,9.4,85.2,5.364,15.8
2018-09-07,35.178,12.0,78.7,0.507,18.2
2018-09-08,23.532,12.5,83.0,0.044,22.5
2018-09-09,11.151,13.6,83.2,1.535,32.5
2018-09-10,23.430999999999997,12.4,86.0,1.688,35.8
2018-09-11,42.647,13.0,78.9,4.913,39.7
2018-09-12,3.14,11.6,75.8,0.509,28.9
2018-09-13,18.568,11.8,79.9,0.594,32.9
2018-09-14,21.684,11.4,85.2,2.838,27.9
2018-09-15,33.676,10.5,85.3,0.152,20.0
2018-09-16,13.27,13.6,82.5,2.413,32.5
2018-09-17,22.101,14.0,83.1,0.125,39.2
2018-09-18,52.832,15.7,83.9,3.062,40.7
2018-09-19,16.872,12.2,75.9,14.001,64.0
2018-09-20,29.516000000000002,10.1,79.9,6.121,35.2
2018-09-21,41.242999999999995,9.4,77.8,1.968,29.3
2018-09-22,11.015,9.3,72.3,0.117,29.3
2018-09-24,17.226,9.2,73.9,0.02,21.6
2018-09-25,78.02199999999999,10.6,82.1,0.161,34.7
2018-09-26,61.891,15.8,90.3,1.099,33.5
2018-09-27,30.286,12.8,80.1,0.364,33.6
2018-09-28,1.78,7.9,78.0,0.0,16.5
2018-09-29,61.102000000000004,9.9,80.4,0.0,34.1
2018-09-30,19.887999999999998,9.4,73.3,0.538,28.0
2018-10-01,42.405,7.2,86.1,1.375,28.7
2018-10-03,41.306,10.9,87.6,0.236,33.7
2018-10-04,75.095,12.9,85.4,0.267,32.0
2018-10-05,38.371,7.9,79.5,0.018,15.9
2018-10-06,14.897,6.3,79.4,0.0,12.5
2018-10-07,13.639,8.5,87.6,2.705,44.7
2018-10-08,59.152,13.6,88.8,3.682,39.3
2018-10-09,16.195,13.9,87.1,8.224,36.0
2018-10-10,42.837,14.6,80.5,2.061,24.3
2018-10-11,15.109000000000002,13.4,88.3,1.157,19.3
2018-10-12,6.131,11.9,87.0,12.802,35.1
2018-10-13,11.03,12.3,92.6,13.812,26.3
2018-10-15,14.848,6.5,86.9,0.0,10.0
2018-10-16,15.431000000000001,9.7,89.3,0.22,27.5
2018-10-17,9.363,9.7,82.3,0.124,20.2
2018-10-18,10.190999999999999,6.2,87.0,0.101,13.3
2018-10-19,24.478,8.6,86.5,0.01,23.0
2018-10-20,5.793,11.7,93.6,0.147,25.2
2018-10-22,11.780000000000001,9.3,75.0,0.008,39.8
2018-10-23,15.857,12.3,81.8,0.088,44.5
2018-10-24,30.607999999999997,11.6,80.5,0.032,30.0
2018-10-25,21.163,11.4,86.7,0.04,27.0
2018-10-26,31.739,6.3,74.3,0.345,24.7
2018-10-29,23.838,-0.3,91.3,0.228,10.8
2018-10-30,5.923,3.6,92.1,1.729,10.6
2018-10-31,28.079,5.0,89.8,1.602,15.3
2018-11-01,31.52,4.7,90.6,5.182,16.6
2018-11-02,5.32,5.4,82.2,0.137,16.6
2018-11-03,7.89,12.5,85.4,8.598,32.8
2018-11-04,76.146,10.2,81.7,7.14,25.5
2018-11-05,27.671999999999997,8.7,94.8,2.05,9.9
2018-11-06,32.808,10.9,89.2,0.0,26.7
2018-11-07,11.739,11.2,85.9,2.055,21.5
2018-11-08,41.89,7.0,88.4,0.795,15.0
2018-11-09,44.144000000000005,9.6,81.5,6.091,32.6
2018-11-10,23.103,8.7,85.7,8.675,20.9
2018-11-11,11.094999999999999,6.0,95.6,5.732,10.3
2018-11-12,14.356,9.0,85.0,0.535,17.9
2018-11-13,19.915,9.0,85.9,1.115,29.6
2018-11-14,44.659,12.5,86.8,8.624,31.0
2018-11-15,15.61,12.0,79.2,0.133,28.4
2018-11-16,25.997999999999998,8.7,94.4,1.149,11.4
2018-11-17,14.647,8.1,87.3,0.01,18.8
2018-11-18,37.629,7.0,89.2,0.053,13.6
2018-11-19,21.793,6.9,84.1,0.364,20.9
2018-11-20,32.449,5.8,85.3,2.271,31.1
2018-11-21,50.596000000000004,5.0,86.1,14.802,34.2
2018-11-22,22.204,2.5,96.8,1.067,9.0
2018-11-23,1.691,6.2,95.4,2.577,13.0
2018-11-24,21.744,4.7,96.4,1.266,10.0
2018-11-26,19.055,3.6,91.8,1.606,13.1
2018-11-27,31.746000000000002,4.6,88.3,3.256,28.1
2018-11-28,28.328,9.2,87.9,9.765,45.9
2018-11-30,7.953,6.0,84.1,5.611,39.2
2018-12-01,42.757999999999996,4.7,91.6,0.999,23.8
2018-12-02,35.409,4.6,99.2,1.096,7.0
2018-12-03,50.900000000000006,3.7,89.2,5.399,18.6
2018-12-04,45.06,0.9,93.8,0.184,13.0
2018-12-05,33.417,1.2,98.9,2.088,10.5
2018-12-06,47.545,7.6,92.1,2.319,34.2
2018-12-07,73.309,7.2,86.4,11.066,42.4
2018-12-08,7.762,7.3,81.7,3.215,36.3
2018-12-09,36.352000000000004,3.1,86.2,0.008,13.4
2018-12-10,19.209000000000003,0.7,94.1,0.164,8.3
2018-12-11,11.841,3.5,96.6,0.117,9.4
2018-12-12,56.471000000000004,5.9,84.2,0.008,22.7
2018-12-13,21.479999999999997,3.6,69.8,0.0,19.2
2018-12-14,71.252,1.0,75.9,0.0,16.4
2018-12-15,8.0,2.1,76.1,10.658,30.3
2018-12-16,21.009999999999998,3.6,90.8,15.299,24.2
2018-12-17,22.824999999999996,3.9,94.5,0.745,24.3
2018-12-18,44.917,9.3,83.7,6.911,28.6
2018-12-19,35.445,4.9,89.6,0.446,11.8
2018-12-20,36.634,5.1,93.4,0.861,15.1
2018-12-21,0.991,5.2,95.3,1.779,12.6
2018-12-22,27.982,6.0,92.6,0.263,22.5
2018-12-23,24.514,2.6,95.5,0.196,11.5
2018-12-24,8.127,-1.2,95.2,0.156,10.7
2018-12-26,6.241,9.5,91.6,0.101,22.0
2018-12-28,6.361,8.0,86.1,0.199,27.3
2018-12-29,16.163,8.7,82.4,5.499,39.1
2018-12-31,22.397,10.2,83.5,0.02,35.3
2019-01-02,10.343,-2.3,89.9,0.0,6.3
2019-01-03,8.455,1.6,88.1,0.0,13.4
2019-01-04,40.024,4.2,86.5,0.0,16.3
2019-01-05,52.31,4.2,83.5,0.0,15.6
2019-01-06,22.634999999999998,7.0,95.4,0.372,13.9
2019-01-07,23.662,9.3,78.5,1.492,45.5
2019-01-08,31.813,5.7,69.5,0.0,23.0
2019-01-14,42.433,4.4,90.3,0.543,28.0
2019-01-15,76.328,8.9,87.3,0.143,36.3
2019-01-16,11.670000000000002,5.8,80.1,0.832,35.1
2019-01-17,23.246,1.3,68.4,0.047,21.3
2019-01-18,31.040999999999997,-0.6,84.3,0.0,12.8
2019-01-19,19.55,1.6,93.8,0.282,5.7
2019-01-20,17.54,2.2,87.0,0.062,13.5
2019-01-21,24.149,1.8,86.0,0.24,22.2
2019-01-22,45.578,0.0,91.7,1.506,15.8
2019-01-23,51.426,-2.4,91.0,1.307,11.3
2019-01-24,34.983000000000004,-0.1,94.7,1.0,8.1
2019-01-25,61.954,7.5,90.6,0.497,30.1
2019-01-26,13.108,7.8,89.4,2.026,30.7
2019-01-27,7.85,3.9,66.3,0.289,29.6
2019-01-28,34.745,1.4,72.1,0.008,21.3
2019-01-29,42.76,0.8,92.3,2.046,19.2
2019-01-30,31.518,-0.2,89.4,0.205,15.1
2019-01-31,29.607,-3.9,94.6,0.046,6.0
2019-02-02,25.14,0.8,70.2,2.775,11.9
2019-02-03,13.615,1.2,88.7,3.592,22.3
2019-02-04,91.72500000000001,4.8,81.7,4.787,32.5
2019-02-05,58.257000000000005,1.3,96.1,2.325,12.3
2019-02-06,4.44,4.7,88.1,3.787,21.3
2019-02-07,72.31,3.8,91.2,1.902,21.8
2019-02-08,51.066,7.2,81.4,10.029,45.0
2019-02-13,24.653,9.3,83.4,1.108,28.5
2019-02-14,29.058,8.2,83.8,0.404,25.9
2019-02-15,6.8149999999999995,5.9,80.7,0.008,28.5
2019-02-16,36.737,9.5,78.7,0.595,27.5
2019-02-17,7.624,10.2,73.5,0.504,28.5
2019-02-18,42.183,7.4,79.1,1.107,38.6
2019-02-19,42.901,6.5,84.0,0.318,21.7
2019-02-20,36.038,9.9,88.9,2.131,37.5
2019-02-21,35.918,10.9,86.0,0.458,22.8
2019-02-22,16.473,10.6,71.8,0.0,23.7
2019-02-23,0.0,10.5,71.0,0.621,28.9
2019-02-25,11.956,6.7,88.7,0.0,7.6
2019-02-26,20.734,6.6,74.8,0.101,13.0
2019-02-27,14.555,5.4,82.6,0.044,21.0
2019-02-28,18.874,4.5,97.8,0.046,13.0
2019-03-01,12.906,6.6,89.6,0.018,12.6
2019-03-03,7.251,6.7,73.9,3.36,47.3
2019-03-04,24.63,5.7,77.0,3.588,30.8
2019-03-05,23.486,3.0,92.2,0.813,19.4
2019-03-06,35.486,5.2,97.8,14.836,24.3
2019-03-07,18.509999999999998,5.9,81.7,13.512,24.8
2019-03-08,30.044,3.2,85.7,3.181,30.3
2019-03-13,35.072,7.5,71.8,7.302,42.4
2019-03-14,48.051,7.7,77.9,3.904,34.0
2019-03-15,44.227,5.9,76.7,0.541,39.8
2019-03-18,14.561,5.6,78.9,0.081,15.3
2019-03-19,65.972,8.1,89.6,0.174,28.8
2019-03-20,46.599000000000004,11.3,86.9,0.024,31.0
2019-03-21,26.979,11.8,85.1,0.292,33.1
2019-03-22,42.878,9.0,79.7,1.593,36.4
2019-03-23,42.138999999999996,6.1,68.9,0.154,26.3
2019-03-25,42.077,7.2,63.8,0.01,21.4
2019-03-26,65.723,8.3,78.3,0.01,24.7
2019-03-27,72.56700000000001,9.6,78.5,0.0,25.8
2019-03-28,28.796,9.2,72.2,0.0,30.3
2019-03-29,81.389,8.8,75.6,0.0,32.9
2019-03-30,15.046,8.0,72.0,0.0,20.0
2019-03-31,21.07,3.7,73.2,0.0,15.0
2019-04-01,50.906,5.1,76.0,0.383,17.7
2019-04-02,12.437000000000001,5.1,80.7,1.553,13.3
2019-04-03,15.610999999999999,4.7,80.2,4.589,25.1
2019-04-04,70.60499999999999,5.3,84.5,7.921,25.5
2019-04-05,14.926,7.9,75.4,0.02,30.9
2019-04-06,39.798,5.1,95.8,4.239,21.0
2019-04-07,44.908,6.7,93.9,0.753,21.9
2019-04-08,32.0,6.8,83.4,0.0,23.6
2019-04-13,10.774999999999999,4.6,67.5,0.0,27.8
2019-04-14,28.294,5.3,66.4,0.0,25.2
2019-04-15,40.64,6.6,72.1,0.0,32.7
2019-04-16,64.66499999999999,7.9,84.3,0.313,23.2
2019-04-17,43.869,8.0,83.0,0.145,23.4
2019-04-18,48.083,8.8,87.1,0.0,20.2
2019-04-20,35.86,14.0,69.8,0.0,17.1
2019-04-21,16.69,15.1,61.9,0.0,25.5
2019-04-22,13.16,12.7,65.2,0.0,26.1
2019-04-23,47.318,10.1,83.7,0.0,28.4
2019-04-24,68.57900000000001,9.2,89.7,0.0,27.1
2019-04-25,35.539,10.3,86.3,1.507,24.5
2019-04-26,6.666,9.7,82.7,3.454,19.4
2019-04-27,13.759,9.0,85.8,2.251,17.0
2019-04-28,13.043,10.6,82.2,2.17,12.1
2019-04-29,36.792,9.0,86.0,0.08,18.2
2019-04-30,40.973000000000006,10.2,85.4,0.024,10.4
2019-05-01,32.451,11.3,85.2,0.741,16.1
2019-05-02,43.333,8.6,82.2,2.238,16.7
2019-05-03,19.171,6.7,67.4,0.883,19.6
2019-05-04,25.891,6.1,61.5,0.0,23.3
2019-05-06,67.721,6.9,69.2,2.861,12.4
2019-05-07,71.805,6.0,78.7,0.78,15.8
2019-05-08,55.637,6.0,91.5,6.128,26.9
2019-05-13,15.375000000000002,12.3,62.8,0.0,20.3
2019-05-14,36.46,13.8,63.9,0.0,14.0
2019-05-15,51.34,13.3,75.7,0.0,16.7
2019-05-16,24.025,12.2,72.7,0.0,24.3
2019-05-17,46.261,11.5,74.6,0.0,23.8
2019-05-18,13.569,10.2,96.0,4.254,19.9
2019-05-20,42.031000000000006,12.4,81.0,0.01,14.1
2019-05-21,52.545,11.5,81.4,1.532,12.7
2019-05-22,68.309,10.3,75.1,0.653,23.3
2019-05-23,39.367,11.4,73.0,0.0,32.1
2019-05-24,58.482,12.5,68.2,0.0,20.8
2019-05-25,20.302,10.1,88.4,1.103,18.3
2019-05-27,34.573,10.0,79.2,5.463,29.0
2019-05-28,85.434,9.2,76.9,1.793,11.3
2019-05-29,81.14699999999999,7.7,90.1,1.681,9.6
2019-05-30,73.59100000000001,10.8,97.6,13.872,17.1
2019-05-31,28.8,12.0,94.9,5.493,27.6
2019-06-01,24.21,13.7,79.6,2.711,22.1
2019-06-02,76.319,15.0,82.7,6.524,27.2
2019-06-03,24.707,12.5,80.3,0.562,36.8
2019-06-04,18.0,12.3,79.0,0.528,17.0
2019-06-05,51.653999999999996,10.6,96.1,10.554,17.5
2019-06-06,49.768,12.7,76.9,0.946,20.5
2019-06-07,5.352,10.7,84.3,0.277,21.3
2019-06-08,84.801,11.6,84.6,4.075,13.8
2019-06-13,60.002,9.8,80.0,5.059,18.9
2019-06-14,64.297,11.3,72.8,0.488,17.9
2019-06-15,32.391,13.2,77.3,0.801,16.8
2019-06-16,27.810000000000002,11.9,78.6,0.986,19.9
2019-06-17,56.992000000000004,13.5,77.0,2.758,29.9
2019-06-18,63.918000000000006,13.5,76.3,0.21,29.4
2019-06-19,39.002,13.4,76.1,0.0,23.0
2019-06-20,68.291,12.1,77.8,1.864,30.4
2019-06-21,34.992000000000004,12.2,69.9,0.026,23.2
2019-06-22,6.546,13.2,71.4,0.0,12.8
2019-06-23,42.395,14.0,81.4,0.0,20.4
2019-06-24,59.586,13.0,96.1,14.122,19.4
2019-06-25,61.742999999999995,14.6,86.6,7.109,18.5
2019-06-26,73.383,14.1,80.1,0.0,14.2
2019-06-27,62.657999999999994,14.9,80.5,0.0,19.8
2019-06-28,86.743,14.6,85.5,0.0,21.7
2019-06-30,17.4,15.5,82.0,2.215,34.7
2019-07-01,35.569,14.8,74.5,0.114,28.5
2019-07-02,81.491,14.0,68.1,0.008,22.2
2019-07-03,11.155,13.2,74.7,0.0,22.0
2019-07-04,15.629000000000001,13.2,77.9,0.218,23.8
2019-07-05,45.083,15.1,83.5,0.359,27.8
2019-07-06,16.734,13.6,69.2,0.0,16.4
2019-07-07,25.124,12.9,71.3,0.072,10.6
2019-07-08,47.288,12.1,80.3,0.0,13.6
2019-07-09,27.587,14.3,94.9,6.319,21.1
2019-07-13,12.147,16.9,81.3,1.76,19.5
2019-07-14,32.516,16.3,77.0,0.179,12.6
2019-07-15,25.276,16.1,80.6,0.0,12.8
2019-07-16,36.178,16.7,81.0,0.039,17.6
2019-07-17,10.885,15.8,87.4,0.616,20.2
2019-07-18,25.727,14.9,82.6,2.743,29.8
2019-07-19,9.294,15.3,84.2,3.428,16.2
2019-07-22,19.551000000000002,19.5,84.6,2.351,37.1
2019-07-23,23.759999999999998,20.3,78.2,0.0,20.8
2019-07-24,52.045,19.7,81.3,1.883,22.8
2019-07-25,18.318,19.5,82.7,0.101,19.5
2019-07-29,22.237000000000002,17.1,93.3,0.117,10.4
2019-07-30,57.022,16.7,86.8,0.215,14.6
2019-07-31,37.74,16.9,89.5,3.682,16.1
2019-08-01,49.150999999999996,17.1,86.4,1.104,15.7
2019-08-02,41.154,17.2,82.1,0.16,11.2
2019-08-03,26.782,16.3,86.0,0.754,14.9
2019-08-04,33.813,16.3,94.0,2.744,15.0
2019-08-05,21.249,16.6,83.5,6.286,26.7
2019-08-06,19.77,15.4,85.8,0.92,11.1
2019-08-07,53.194,15.0,89.3,23.697,20.3
2019-08-08,24.199,15.8,81.5,0.728,18.1
2019-08-13,33.047,12.1,78.6,1.03,24.5
2019-08-14,81.519,12.6,86.7,0.338,10.8
2019-08-15,55.809,15.3,76.0,3.767,28.6
2019-08-16,29.387,16.2,84.9,4.62,25.9
2019-08-17,50.31999999999999,14.6,78.1,3.891,35.7
2019-08-18,6.63,14.0,81.2,8.65,32.3
2019-08-19,32.761,14.2,80.1,0.557,29.0
2019-08-20,55.657000000000004,13.6,80.9,2.978,20.5
2019-08-21,24.473,13.5,86.0,3.133,26.0
2019-08-22,74.194,14.4,86.8,2.278,30.4
2019-08-23,22.630000000000003,17.7,78.5,0.453,28.0
2019-08-24,44.482,17.5,80.1,0.0,14.5
2019-08-26,46.169000000000004,17.1,80.0,0.0,20.6
2019-08-27,68.56700000000001,14.5,87.9,0.156,10.2
2019-08-28,53.044,15.3,78.8,1.709,27.7
2019-08-29,61.481,13.6,83.1,0.615,32.9
2019-08-30,78.963,15.8,87.0,4.673,36.1
2019-08-31,50.676,14.7,80.5,17.328,39.5
